{
    "bet" : [0.00803, 0.00803, 0.00803],
    "tau" : [5.35, 5.2, 5.0, 12.0, 12.0, 10.0],
    "ph" : [0.5, 1.0, 1.0],
    "init" : 1,
    "T" : 100,
    "sigma" : [1.0, 1.0],
    "ndt" : 1,
    "n_runs" : 3,
    "mask_efficacy" : 0.44,
    "mask_compliance" : 1.0,
    "scalarC" : 1.71 ,
    "scalarM" : 0.00238 ,
    "scalarR" : 0.25 ,
    "scalarS" : 1.0,
    "maxClassSize" : 500
}
